Real,Imaginary
1.0899471e+27,2.7357193e+20
2.7487e+20,6.8117444e-33
